{"Logistic Regression": {"Accuracy": 0.939639079029247, "Precision": 0.9395592511554691, "Recall": 0.9396006253024156, "F1-score": 0.9395654216734438}, "LSTM": {"Accuracy": 0.8776, "Precision": 0.8844, "Recall": 0.8776, "F1-score": 0.8764}, "ANN MLP": {"Accuracy": 0.8193, "Precision": 0.819, "Recall": 0.8193, "F1-score": 0.8186}, "Random Forest": {"Accuracy": 0.9592, "Precision": 0.9594, "Recall": 0.9592, "F1-score": 0.9592}}
